Category,Total Forecast,Avg Daily Sales,Proportion
Technology,79395.43449511826,882.1714943902028,36.39882116754926
Furniture,70455.19583487113,782.835509276346,32.30017053028177
Office Supplies,68275.75933974498,758.6195482193887,31.301008302168963
