,RMSE,MAE,MAPE,R2
Naive Baseline,3588.3543817776085,3235.61966369863,inf,-1.0275374789209417
Mean Baseline,2652.2376261508275,1722.0619475868793,inf,-0.10765140026718156
ARIMA,2740.7745862870265,1739.6945215182188,inf,-0.18283692713756006
SARIMA,2835.1002182243474,1792.5640047972527,inf,-0.26565420937687456
Random Forest,618.8767336596903,335.84665585678766,inf,0.9370353578146171
Linear Regression,5.64382728603725e-12,4.381828778790486e-12,,1.0
