,RMSE,MAE,MAPE,R2
Naive Baseline,3588.3543817776085,3235.61966369863,inf,-1.0275374789209417
Mean Baseline,2652.2376261508275,1722.0619475868793,inf,-0.10765140026718156
ARIMA,2740.7745862870265,1739.6945215182188,inf,-0.18283692713756006
SARIMA,2846.8972588606175,1805.793963706325,inf,-0.2762090662610919
Linear Regression,2154.284942447261,1572.7379837459182,inf,0.2370523851076758
Random Forest,2181.166820938092,1624.048425101778,inf,0.21789296324219543
