Month,Predicted Sales,Days,Avg Daily Sales
December 2017,2794.3106266666664,1,2794.3106266666664
January 2018,75518.02116501683,31,2436.065198871511
February 2018,67516.43031402348,28,2411.3010826436957
March 2018,72297.6275640274,30,2409.920918800913
